sweep,n,cycle,variant,policy,class,state,status,p_L
tier1_heldout,1,T13,optimistic,P_today,BARE,0,ok,0.0255
tier1_heldout,2,T13,optimistic,P_today,BARE,1,ok,0.049
tier1_heldout,3,T13,optimistic,P_today,ENC_PASSIVE,0,ok,0.0025
tier1_heldout,4,T13,optimistic,P_today,ENC_PASSIVE,1,ok,0.0047
tier1_heldout,5,T13,optimistic,P_today,ENC_ACTIVE,0,ok,0.002
tier1_heldout,6,T13,optimistic,P_today,ENC_ACTIVE,1,ok,0.0018
tier1_heldout,7,T13,optimistic,P_archive,BARE,0,ok,0.0057
tier1_heldout,8,T13,optimistic,P_archive,BARE,1,ok,0.045
tier1_heldout,9,T13,optimistic,P_archive,ENC_PASSIVE,0,ok,0.0075
tier1_heldout,10,T13,optimistic,P_archive,ENC_PASSIVE,1,ok,0.0092
tier1_heldout,11,T13,optimistic,P_archive,ENC_ACTIVE,0,ok,0.0047
tier1_heldout,12,T13,optimistic,P_archive,ENC_ACTIVE,1,ok,0.0063
tier1_heldout,13,T13,optimistic,P_weak,BARE,0,ok,0.0105
tier1_heldout,14,T13,optimistic,P_weak,BARE,1,ok,0.127
tier1_heldout,15,T13,optimistic,P_weak,ENC_PASSIVE,0,CRASHED,
tier1_heldout,16,T13,optimistic,P_weak,ENC_PASSIVE,1,CRASHED,
tier1_heldout,17,T13,optimistic,P_weak,ENC_ACTIVE,0,CRASHED,
tier1_heldout,18,T13,optimistic,P_weak,ENC_ACTIVE,1,CRASHED,
tier1_heldout,19,T13,nominal,P_today,BARE,0,ok,0.021
tier1_heldout,20,T13,nominal,P_today,BARE,1,ok,0.0747
tier1_heldout,21,T13,nominal,P_today,ENC_PASSIVE,0,ok,0.0037
tier1_heldout,22,T13,nominal,P_today,ENC_PASSIVE,1,ok,0.004
tier1_heldout,23,T13,nominal,P_today,ENC_ACTIVE,0,ok,0.0015
tier1_heldout,24,T13,nominal,P_today,ENC_ACTIVE,1,ok,0.004
tier1_heldout,25,T13,nominal,P_archive,BARE,0,ok,0.006
tier1_heldout,26,T13,nominal,P_archive,BARE,1,ok,0.0783
tier1_heldout,27,T13,nominal,P_archive,ENC_PASSIVE,0,ok,0.014
tier1_heldout,28,T13,nominal,P_archive,ENC_PASSIVE,1,ok,0.0198
tier1_heldout,29,T13,nominal,P_archive,ENC_ACTIVE,0,ok,0.009
tier1_heldout,30,T13,nominal,P_archive,ENC_ACTIVE,1,ok,0.01
tier1_heldout,31,T13,nominal,P_weak,BARE,0,ok,0.0073
tier1_heldout,32,T13,nominal,P_weak,BARE,1,ok,0.2472
tier1_heldout,33,T13,nominal,P_weak,ENC_PASSIVE,0,CRASHED,
tier1_heldout,34,T13,nominal,P_weak,ENC_PASSIVE,1,CRASHED,
tier1_heldout,35,T13,nominal,P_weak,ENC_ACTIVE,0,CRASHED,
tier1_heldout,36,T13,nominal,P_weak,ENC_ACTIVE,1,CRASHED,
tier1_heldout,37,T13,pessimistic,P_today,BARE,0,ok,0.0235
tier1_heldout,38,T13,pessimistic,P_today,BARE,1,ok,0.1288
tier1_heldout,39,T13,pessimistic,P_today,ENC_PASSIVE,0,ok,0.0143
tier1_heldout,40,T13,pessimistic,P_today,ENC_PASSIVE,1,ok,0.0168
tier1_heldout,41,T13,pessimistic,P_today,ENC_ACTIVE,0,ok,0.0085
tier1_heldout,42,T13,pessimistic,P_today,ENC_ACTIVE,1,ok,0.009
tier1_heldout,43,T13,pessimistic,P_archive,BARE,0,ok,0.0055
tier1_heldout,44,T13,pessimistic,P_archive,BARE,1,ok,0.13
tier1_heldout,45,T13,pessimistic,P_archive,ENC_PASSIVE,0,ok,0.0375
tier1_heldout,46,T13,pessimistic,P_archive,ENC_PASSIVE,1,ok,0.0393
tier1_heldout,47,T13,pessimistic,P_archive,ENC_ACTIVE,0,ok,0.027
tier1_heldout,48,T13,pessimistic,P_archive,ENC_ACTIVE,1,ok,0.0262
tier1_heldout,49,T13,pessimistic,P_weak,BARE,0,ok,0.0097
tier1_heldout,50,T13,pessimistic,P_weak,BARE,1,ok,0.4305
tier1_heldout,51,T13,pessimistic,P_weak,ENC_PASSIVE,0,CRASHED,
tier1_heldout,52,T13,pessimistic,P_weak,ENC_PASSIVE,1,CRASHED,
tier1_heldout,53,T13,pessimistic,P_weak,ENC_ACTIVE,0,CRASHED,
tier1_heldout,54,T13,pessimistic,P_weak,ENC_ACTIVE,1,CRASHED,
tier1_heldout,55,T14,optimistic,P_today,BARE,0,ok,0.0147
tier1_heldout,56,T14,optimistic,P_today,BARE,1,ok,0.0478
tier1_heldout,57,T14,optimistic,P_today,ENC_PASSIVE,0,ok,0.002
tier1_heldout,58,T14,optimistic,P_today,ENC_PASSIVE,1,ok,0.0032
tier1_heldout,59,T14,optimistic,P_today,ENC_ACTIVE,0,ok,0.0015
tier1_heldout,60,T14,optimistic,P_today,ENC_ACTIVE,1,ok,0.0027
tier1_heldout,61,T14,optimistic,P_archive,BARE,0,ok,0.0075
tier1_heldout,62,T14,optimistic,P_archive,BARE,1,ok,0.0387
tier1_heldout,63,T14,optimistic,P_archive,ENC_PASSIVE,0,ok,0.004
tier1_heldout,64,T14,optimistic,P_archive,ENC_PASSIVE,1,CRASHED,
tier1_heldout,65,T14,optimistic,P_archive,ENC_ACTIVE,0,ok,0.003
tier1_heldout,66,T14,optimistic,P_archive,ENC_ACTIVE,1,ok,0.0032
tier1_heldout,67,T14,optimistic,P_weak,BARE,0,ok,0.007
tier1_heldout,68,T14,optimistic,P_weak,BARE,1,ok,0.0405
tier1_heldout,69,T14,optimistic,P_weak,ENC_PASSIVE,0,ok,0.0053
tier1_heldout,70,T14,optimistic,P_weak,ENC_PASSIVE,1,ok,0.0095
tier1_heldout,71,T14,optimistic,P_weak,ENC_ACTIVE,0,ok,0.0027
tier1_heldout,72,T14,optimistic,P_weak,ENC_ACTIVE,1,ok,0.0045
tier1_heldout,73,T14,nominal,P_today,BARE,0,ok,0.015
tier1_heldout,74,T14,nominal,P_today,BARE,1,ok,0.086
tier1_heldout,75,T14,nominal,P_today,ENC_PASSIVE,0,ok,0.005
tier1_heldout,76,T14,nominal,P_today,ENC_PASSIVE,1,ok,0.0073
tier1_heldout,77,T14,nominal,P_today,ENC_ACTIVE,0,ok,0.001
tier1_heldout,78,T14,nominal,P_today,ENC_ACTIVE,1,ok,0.002
tier1_heldout,79,T14,nominal,P_archive,BARE,0,ok,0.0075
tier1_heldout,80,T14,nominal,P_archive,BARE,1,ok,0.0695
tier1_heldout,81,T14,nominal,P_archive,ENC_PASSIVE,0,ok,0.0063
tier1_heldout,82,T14,nominal,P_archive,ENC_PASSIVE,1,CRASHED,
tier1_heldout,83,T14,nominal,P_archive,ENC_ACTIVE,0,ok,0.004
tier1_heldout,84,T14,nominal,P_archive,ENC_ACTIVE,1,ok,0.0047
tier1_heldout,85,T14,nominal,P_weak,BARE,0,ok,0.0057
tier1_heldout,86,T14,nominal,P_weak,BARE,1,ok,0.0798
tier1_heldout,87,T14,nominal,P_weak,ENC_PASSIVE,0,ok,0.0132
tier1_heldout,88,T14,nominal,P_weak,ENC_PASSIVE,1,ok,0.013
tier1_heldout,89,T14,nominal,P_weak,ENC_ACTIVE,0,ok,0.007
tier1_heldout,90,T14,nominal,P_weak,ENC_ACTIVE,1,ok,0.0085
tier1_heldout,91,T14,pessimistic,P_today,BARE,0,ok,0.0138
tier1_heldout,92,T14,pessimistic,P_today,BARE,1,ok,0.1525
tier1_heldout,93,T14,pessimistic,P_today,ENC_PASSIVE,0,ok,0.008
tier1_heldout,94,T14,pessimistic,P_today,ENC_PASSIVE,1,ok,0.0127
tier1_heldout,95,T14,pessimistic,P_today,ENC_ACTIVE,0,ok,0.006
tier1_heldout,96,T14,pessimistic,P_today,ENC_ACTIVE,1,ok,0.0077
tier1_heldout,97,T14,pessimistic,P_archive,BARE,0,ok,0.0073
tier1_heldout,98,T14,pessimistic,P_archive,BARE,1,ok,0.1283
tier1_heldout,99,T14,pessimistic,P_archive,ENC_PASSIVE,0,ok,0.0145
tier1_heldout,100,T14,pessimistic,P_archive,ENC_PASSIVE,1,CRASHED,
tier1_heldout,101,T14,pessimistic,P_archive,ENC_ACTIVE,0,ok,0.0118
tier1_heldout,102,T14,pessimistic,P_archive,ENC_ACTIVE,1,CRASHED,
tier1_heldout,103,T14,pessimistic,P_weak,BARE,0,ok,0.0063
tier1_heldout,104,T14,pessimistic,P_weak,BARE,1,ok,0.157
tier1_heldout,105,T14,pessimistic,P_weak,ENC_PASSIVE,0,ok,0.0278
tier1_heldout,106,T14,pessimistic,P_weak,ENC_PASSIVE,1,ok,0.034
tier1_heldout,107,T14,pessimistic,P_weak,ENC_ACTIVE,0,ok,0.0232
tier1_heldout,108,T14,pessimistic,P_weak,ENC_ACTIVE,1,ok,0.025
tier1_heldout,109,T15,optimistic,P_today,BARE,0,ok,0.0097
tier1_heldout,110,T15,optimistic,P_today,BARE,1,ok,0.0315
tier1_heldout,111,T15,optimistic,P_today,ENC_PASSIVE,0,ok,0.0107
tier1_heldout,112,T15,optimistic,P_today,ENC_PASSIVE,1,ok,0.0092
tier1_heldout,113,T15,optimistic,P_today,ENC_ACTIVE,0,ok,0.0055
tier1_heldout,114,T15,optimistic,P_today,ENC_ACTIVE,1,ok,0.007
tier1_heldout,115,T15,optimistic,P_archive,BARE,0,ok,0.0083
tier1_heldout,116,T15,optimistic,P_archive,BARE,1,ok,0.042
tier1_heldout,117,T15,optimistic,P_archive,ENC_PASSIVE,0,ok,0.0118
tier1_heldout,118,T15,optimistic,P_archive,ENC_PASSIVE,1,ok,0.013
tier1_heldout,119,T15,optimistic,P_archive,ENC_ACTIVE,0,ok,0.0053
tier1_heldout,120,T15,optimistic,P_archive,ENC_ACTIVE,1,ok,0.0077
tier1_heldout,121,T15,optimistic,P_weak,BARE,0,ok,0.0043
tier1_heldout,122,T15,optimistic,P_weak,BARE,1,ok,0.041
tier1_heldout,123,T15,optimistic,P_weak,ENC_PASSIVE,0,ok,0.0045
tier1_heldout,124,T15,optimistic,P_weak,ENC_PASSIVE,1,ok,0.005
tier1_heldout,125,T15,optimistic,P_weak,ENC_ACTIVE,0,ok,0.0015
tier1_heldout,126,T15,optimistic,P_weak,ENC_ACTIVE,1,ok,0.002
tier1_heldout,127,T15,nominal,P_today,BARE,0,ok,0.0065
tier1_heldout,128,T15,nominal,P_today,BARE,1,ok,0.0587
tier1_heldout,129,T15,nominal,P_today,ENC_PASSIVE,0,ok,0.0143
tier1_heldout,130,T15,nominal,P_today,ENC_PASSIVE,1,ok,0.0165
tier1_heldout,131,T15,nominal,P_today,ENC_ACTIVE,0,ok,0.007
tier1_heldout,132,T15,nominal,P_today,ENC_ACTIVE,1,ok,0.01
tier1_heldout,133,T15,nominal,P_archive,BARE,0,ok,0.0095
tier1_heldout,134,T15,nominal,P_archive,BARE,1,ok,0.0737
tier1_heldout,135,T15,nominal,P_archive,ENC_PASSIVE,0,ok,0.0248
tier1_heldout,136,T15,nominal,P_archive,ENC_PASSIVE,1,ok,0.021
tier1_heldout,137,T15,nominal,P_archive,ENC_ACTIVE,0,ok,0.0163
tier1_heldout,138,T15,nominal,P_archive,ENC_ACTIVE,1,ok,0.0175
tier1_heldout,139,T15,nominal,P_weak,BARE,0,ok,0.005
tier1_heldout,140,T15,nominal,P_weak,BARE,1,ok,0.0788
tier1_heldout,141,T15,nominal,P_weak,ENC_PASSIVE,0,ok,0.008
tier1_heldout,142,T15,nominal,P_weak,ENC_PASSIVE,1,ok,0.0123
tier1_heldout,143,T15,nominal,P_weak,ENC_ACTIVE,0,ok,0.004
tier1_heldout,144,T15,nominal,P_weak,ENC_ACTIVE,1,ok,0.0067
tier1_heldout,145,T15,pessimistic,P_today,BARE,0,ok,0.0083
tier1_heldout,146,T15,pessimistic,P_today,BARE,1,ok,0.1032
tier1_heldout,147,T15,pessimistic,P_today,ENC_PASSIVE,0,ok,0.0293
tier1_heldout,148,T15,pessimistic,P_today,ENC_PASSIVE,1,ok,0.0295
tier1_heldout,149,T15,pessimistic,P_today,ENC_ACTIVE,0,ok,0.014
tier1_heldout,150,T15,pessimistic,P_today,ENC_ACTIVE,1,ok,0.0152
tier1_heldout,151,T15,pessimistic,P_archive,BARE,0,ok,0.0083
tier1_heldout,152,T15,pessimistic,P_archive,BARE,1,ok,0.1212
tier1_heldout,153,T15,pessimistic,P_archive,ENC_PASSIVE,0,ok,0.051
tier1_heldout,154,T15,pessimistic,P_archive,ENC_PASSIVE,1,ok,0.0643
tier1_heldout,155,T15,pessimistic,P_archive,ENC_ACTIVE,0,ok,0.0382
tier1_heldout,156,T15,pessimistic,P_archive,ENC_ACTIVE,1,ok,0.0362
tier1_heldout,157,T15,pessimistic,P_weak,BARE,0,ok,0.0035
tier1_heldout,158,T15,pessimistic,P_weak,BARE,1,ok,0.1435
tier1_heldout,159,T15,pessimistic,P_weak,ENC_PASSIVE,0,ok,0.0198
tier1_heldout,160,T15,pessimistic,P_weak,ENC_PASSIVE,1,ok,0.0232
tier1_heldout,161,T15,pessimistic,P_weak,ENC_ACTIVE,0,ok,0.013
tier1_heldout,162,T15,pessimistic,P_weak,ENC_ACTIVE,1,ok,0.0152
tier1_heldout,163,T16,optimistic,P_today,BARE,0,ok,0.015
tier1_heldout,164,T16,optimistic,P_today,BARE,1,ok,0.0415
tier1_heldout,165,T16,optimistic,P_today,ENC_PASSIVE,0,CRASHED,
tier1_heldout,166,T16,optimistic,P_today,ENC_PASSIVE,1,CRASHED,
tier1_heldout,167,T16,optimistic,P_today,ENC_ACTIVE,0,CRASHED,
tier1_heldout,168,T16,optimistic,P_today,ENC_ACTIVE,1,ok,0.003
tier1_heldout,169,T16,optimistic,P_archive,BARE,0,ok,0.006
tier1_heldout,170,T16,optimistic,P_archive,BARE,1,ok,0.0413
tier1_heldout,171,T16,optimistic,P_archive,ENC_PASSIVE,0,CRASHED,
tier1_heldout,172,T16,optimistic,P_archive,ENC_PASSIVE,1,ok,0.009
tier1_heldout,173,T16,optimistic,P_archive,ENC_ACTIVE,0,CRASHED,
tier1_heldout,174,T16,optimistic,P_archive,ENC_ACTIVE,1,CRASHED,
tier1_heldout,175,T16,optimistic,P_weak,BARE,0,ok,0.0047
tier1_heldout,176,T16,optimistic,P_weak,BARE,1,ok,0.0387
tier1_heldout,177,T16,optimistic,P_weak,ENC_PASSIVE,0,ok,0.003
tier1_heldout,178,T16,optimistic,P_weak,ENC_PASSIVE,1,ok,0.0053
tier1_heldout,179,T16,optimistic,P_weak,ENC_ACTIVE,0,ok,0.0025
tier1_heldout,180,T16,optimistic,P_weak,ENC_ACTIVE,1,ok,0.0053
tier1_heldout,181,T16,nominal,P_today,BARE,0,ok,0.015
tier1_heldout,182,T16,nominal,P_today,BARE,1,ok,0.0673
tier1_heldout,183,T16,nominal,P_today,ENC_PASSIVE,0,CRASHED,
tier1_heldout,184,T16,nominal,P_today,ENC_PASSIVE,1,CRASHED,
tier1_heldout,185,T16,nominal,P_today,ENC_ACTIVE,0,CRASHED,
tier1_heldout,186,T16,nominal,P_today,ENC_ACTIVE,1,ok,0.0043
tier1_heldout,187,T16,nominal,P_archive,BARE,0,ok,0.0063
tier1_heldout,188,T16,nominal,P_archive,BARE,1,ok,0.091
tier1_heldout,189,T16,nominal,P_archive,ENC_PASSIVE,0,ok,0.01
tier1_heldout,190,T16,nominal,P_archive,ENC_PASSIVE,1,CRASHED,
tier1_heldout,191,T16,nominal,P_archive,ENC_ACTIVE,0,ok,0.0047
tier1_heldout,192,T16,nominal,P_archive,ENC_ACTIVE,1,CRASHED,
tier1_heldout,193,T16,nominal,P_weak,BARE,0,ok,0.0065
tier1_heldout,194,T16,nominal,P_weak,BARE,1,ok,0.0675
tier1_heldout,195,T16,nominal,P_weak,ENC_PASSIVE,0,ok,0.0067
tier1_heldout,196,T16,nominal,P_weak,ENC_PASSIVE,1,ok,0.0123
tier1_heldout,197,T16,nominal,P_weak,ENC_ACTIVE,0,ok,0.0027
tier1_heldout,198,T16,nominal,P_weak,ENC_ACTIVE,1,ok,0.0053
tier1_heldout,199,T16,pessimistic,P_today,BARE,0,ok,0.0177
tier1_heldout,200,T16,pessimistic,P_today,BARE,1,ok,0.1182
tier1_heldout,201,T16,pessimistic,P_today,ENC_PASSIVE,0,CRASHED,
tier1_heldout,202,T16,pessimistic,P_today,ENC_PASSIVE,1,CRASHED,
tier1_heldout,203,T16,pessimistic,P_today,ENC_ACTIVE,0,CRASHED,
tier1_heldout,204,T16,pessimistic,P_today,ENC_ACTIVE,1,ok,0.0088
tier1_heldout,205,T16,pessimistic,P_archive,BARE,0,ok,0.0053
tier1_heldout,206,T16,pessimistic,P_archive,BARE,1,ok,0.1525
tier1_heldout,207,T16,pessimistic,P_archive,ENC_PASSIVE,0,ok,0.0307
tier1_heldout,208,T16,pessimistic,P_archive,ENC_PASSIVE,1,ok,0.0295
tier1_heldout,209,T16,pessimistic,P_archive,ENC_ACTIVE,0,CRASHED,
tier1_heldout,210,T16,pessimistic,P_archive,ENC_ACTIVE,1,CRASHED,
tier1_heldout,211,T16,pessimistic,P_weak,BARE,0,ok,0.0035
tier1_heldout,212,T16,pessimistic,P_weak,BARE,1,ok,0.126
tier1_heldout,213,T16,pessimistic,P_weak,ENC_PASSIVE,0,ok,0.0187
tier1_heldout,214,T16,pessimistic,P_weak,ENC_PASSIVE,1,ok,0.0187
tier1_heldout,215,T16,pessimistic,P_weak,ENC_ACTIVE,0,ok,0.01
tier1_heldout,216,T16,pessimistic,P_weak,ENC_ACTIVE,1,ok,0.0155
tier1_heldout,217,T17,optimistic,P_today,BARE,0,ok,0.0225
tier1_heldout,218,T17,optimistic,P_today,BARE,1,ok,0.0413
tier1_heldout,219,T17,optimistic,P_today,ENC_PASSIVE,0,ok,0.002
tier1_heldout,220,T17,optimistic,P_today,ENC_PASSIVE,1,ok,0.0032
tier1_heldout,221,T17,optimistic,P_today,ENC_ACTIVE,0,ok,0.0008
tier1_heldout,222,T17,optimistic,P_today,ENC_ACTIVE,1,ok,0.002
tier1_heldout,223,T17,optimistic,P_archive,BARE,0,ok,0.01
tier1_heldout,224,T17,optimistic,P_archive,BARE,1,ok,0.0555
tier1_heldout,225,T17,optimistic,P_archive,ENC_PASSIVE,0,ok,0.0065
tier1_heldout,226,T17,optimistic,P_archive,ENC_PASSIVE,1,ok,0.0083
tier1_heldout,227,T17,optimistic,P_archive,ENC_ACTIVE,0,ok,0.0035
tier1_heldout,228,T17,optimistic,P_archive,ENC_ACTIVE,1,ok,0.0077
tier1_heldout,229,T17,optimistic,P_weak,BARE,0,ok,0.0045
tier1_heldout,230,T17,optimistic,P_weak,BARE,1,ok,0.034
tier1_heldout,231,T17,optimistic,P_weak,ENC_PASSIVE,0,ok,0.0045
tier1_heldout,232,T17,optimistic,P_weak,ENC_PASSIVE,1,ok,0.006
tier1_heldout,233,T17,optimistic,P_weak,ENC_ACTIVE,0,ok,0.0015
tier1_heldout,234,T17,optimistic,P_weak,ENC_ACTIVE,1,ok,0.0043
tier1_heldout,235,T17,nominal,P_today,BARE,0,ok,0.0217
tier1_heldout,236,T17,nominal,P_today,BARE,1,ok,0.0615
tier1_heldout,237,T17,nominal,P_today,ENC_PASSIVE,0,ok,0.004
tier1_heldout,238,T17,nominal,P_today,ENC_PASSIVE,1,ok,0.004
tier1_heldout,239,T17,nominal,P_today,ENC_ACTIVE,0,ok,0.0018
tier1_heldout,240,T17,nominal,P_today,ENC_ACTIVE,1,ok,0.0035
tier1_heldout,241,T17,nominal,P_archive,BARE,0,ok,0.0103
tier1_heldout,242,T17,nominal,P_archive,BARE,1,ok,0.095
tier1_heldout,243,T17,nominal,P_archive,ENC_PASSIVE,0,ok,0.0155
tier1_heldout,244,T17,nominal,P_archive,ENC_PASSIVE,1,ok,0.017
tier1_heldout,245,T17,nominal,P_archive,ENC_ACTIVE,0,ok,0.0073
tier1_heldout,246,T17,nominal,P_archive,ENC_ACTIVE,1,ok,0.01
tier1_heldout,247,T17,nominal,P_weak,BARE,0,ok,0.005
tier1_heldout,248,T17,nominal,P_weak,BARE,1,ok,0.0605
tier1_heldout,249,T17,nominal,P_weak,ENC_PASSIVE,0,ok,0.011
tier1_heldout,250,T17,nominal,P_weak,ENC_PASSIVE,1,ok,0.0123
tier1_heldout,251,T17,nominal,P_weak,ENC_ACTIVE,0,ok,0.0043
tier1_heldout,252,T17,nominal,P_weak,ENC_ACTIVE,1,ok,0.0077
tier1_heldout,253,T17,pessimistic,P_today,BARE,0,ok,0.0232
tier1_heldout,254,T17,pessimistic,P_today,BARE,1,ok,0.1123
tier1_heldout,255,T17,pessimistic,P_today,ENC_PASSIVE,0,ok,0.007
tier1_heldout,256,T17,pessimistic,P_today,ENC_PASSIVE,1,ok,0.0103
tier1_heldout,257,T17,pessimistic,P_today,ENC_ACTIVE,0,ok,0.004
tier1_heldout,258,T17,pessimistic,P_today,ENC_ACTIVE,1,ok,0.0073
tier1_heldout,259,T17,pessimistic,P_archive,BARE,0,ok,0.0103
tier1_heldout,260,T17,pessimistic,P_archive,BARE,1,ok,0.1815
tier1_heldout,261,T17,pessimistic,P_archive,ENC_PASSIVE,0,ok,0.027
tier1_heldout,262,T17,pessimistic,P_archive,ENC_PASSIVE,1,ok,0.0283
tier1_heldout,263,T17,pessimistic,P_archive,ENC_ACTIVE,0,ok,0.016
tier1_heldout,264,T17,pessimistic,P_archive,ENC_ACTIVE,1,ok,0.0195
tier1_heldout,265,T17,pessimistic,P_weak,BARE,0,ok,0.0035
tier1_heldout,266,T17,pessimistic,P_weak,BARE,1,ok,0.117
tier1_heldout,267,T17,pessimistic,P_weak,ENC_PASSIVE,0,ok,0.0205
tier1_heldout,268,T17,pessimistic,P_weak,ENC_PASSIVE,1,ok,0.027
tier1_heldout,269,T17,pessimistic,P_weak,ENC_ACTIVE,0,ok,0.0155
tier1_heldout,270,T17,pessimistic,P_weak,ENC_ACTIVE,1,ok,0.0175
tier1_heldout,271,T18,optimistic,P_today,BARE,0,ok,0.0177
tier1_heldout,272,T18,optimistic,P_today,BARE,1,ok,0.0375
tier1_heldout,273,T18,optimistic,P_today,ENC_PASSIVE,0,ok,0.0032
tier1_heldout,274,T18,optimistic,P_today,ENC_PASSIVE,1,ok,0.0063
tier1_heldout,275,T18,optimistic,P_today,ENC_ACTIVE,0,ok,0.0003
tier1_heldout,276,T18,optimistic,P_today,ENC_ACTIVE,1,ok,0.0037
tier1_heldout,277,T18,optimistic,P_archive,BARE,0,ok,0.011
tier1_heldout,278,T18,optimistic,P_archive,BARE,1,ok,0.0338
tier1_heldout,279,T18,optimistic,P_archive,ENC_PASSIVE,0,ok,0.006
tier1_heldout,280,T18,optimistic,P_archive,ENC_PASSIVE,1,ok,0.0095
tier1_heldout,281,T18,optimistic,P_archive,ENC_ACTIVE,0,ok,0.0015
tier1_heldout,282,T18,optimistic,P_archive,ENC_ACTIVE,1,ok,0.007
tier1_heldout,283,T18,optimistic,P_weak,BARE,0,ok,0.0512
tier1_heldout,284,T18,optimistic,P_weak,BARE,1,ok,0.1303
tier1_heldout,285,T18,optimistic,P_weak,ENC_PASSIVE,0,ok,0.0275
tier1_heldout,286,T18,optimistic,P_weak,ENC_PASSIVE,1,ok,0.0375
tier1_heldout,287,T18,optimistic,P_weak,ENC_ACTIVE,0,ok,0.0155
tier1_heldout,288,T18,optimistic,P_weak,ENC_ACTIVE,1,ok,0.0205
tier1_heldout,289,T18,nominal,P_today,BARE,0,ok,0.0187
tier1_heldout,290,T18,nominal,P_today,BARE,1,ok,0.0565
tier1_heldout,291,T18,nominal,P_today,ENC_PASSIVE,0,ok,0.0067
tier1_heldout,292,T18,nominal,P_today,ENC_PASSIVE,1,ok,0.0065
tier1_heldout,293,T18,nominal,P_today,ENC_ACTIVE,0,ok,0.0037
tier1_heldout,294,T18,nominal,P_today,ENC_ACTIVE,1,ok,0.0055
tier1_heldout,295,T18,nominal,P_archive,BARE,0,ok,0.0143
tier1_heldout,296,T18,nominal,P_archive,BARE,1,ok,0.0595
tier1_heldout,297,T18,nominal,P_archive,ENC_PASSIVE,0,ok,0.0127
tier1_heldout,298,T18,nominal,P_archive,ENC_PASSIVE,1,ok,0.0163
tier1_heldout,299,T18,nominal,P_archive,ENC_ACTIVE,0,ok,0.006
tier1_heldout,300,T18,nominal,P_archive,ENC_ACTIVE,1,ok,0.0095
tier1_heldout,301,T18,nominal,P_weak,BARE,0,ok,0.0505
tier1_heldout,302,T18,nominal,P_weak,BARE,1,ok,0.1945
tier1_heldout,303,T18,nominal,P_weak,ENC_PASSIVE,0,ok,0.0355
tier1_heldout,304,T18,nominal,P_weak,ENC_PASSIVE,1,ok,0.045
tier1_heldout,305,T18,nominal,P_weak,ENC_ACTIVE,0,ok,0.0245
tier1_heldout,306,T18,nominal,P_weak,ENC_ACTIVE,1,ok,0.0343
tier1_heldout,307,T18,pessimistic,P_today,BARE,0,ok,0.0173
tier1_heldout,308,T18,pessimistic,P_today,BARE,1,ok,0.1027
tier1_heldout,309,T18,pessimistic,P_today,ENC_PASSIVE,0,ok,0.0107
tier1_heldout,310,T18,pessimistic,P_today,ENC_PASSIVE,1,ok,0.014
tier1_heldout,311,T18,pessimistic,P_today,ENC_ACTIVE,0,ok,0.0077
tier1_heldout,312,T18,pessimistic,P_today,ENC_ACTIVE,1,ok,0.0067
tier1_heldout,313,T18,pessimistic,P_archive,BARE,0,ok,0.0127
tier1_heldout,314,T18,pessimistic,P_archive,BARE,1,ok,0.109
tier1_heldout,315,T18,pessimistic,P_archive,ENC_PASSIVE,0,ok,0.0305
tier1_heldout,316,T18,pessimistic,P_archive,ENC_PASSIVE,1,ok,0.0283
tier1_heldout,317,T18,pessimistic,P_archive,ENC_ACTIVE,0,ok,0.0213
tier1_heldout,318,T18,pessimistic,P_archive,ENC_ACTIVE,1,ok,0.02
tier1_heldout,319,T18,pessimistic,P_weak,BARE,0,ok,0.048
tier1_heldout,320,T18,pessimistic,P_weak,BARE,1,ok,0.343
tier1_heldout,321,T18,pessimistic,P_weak,ENC_PASSIVE,0,ok,0.0532
tier1_heldout,322,T18,pessimistic,P_weak,ENC_PASSIVE,1,ok,0.064
tier1_heldout,323,T18,pessimistic,P_weak,ENC_ACTIVE,0,ok,0.0535
tier1_heldout,324,T18,pessimistic,P_weak,ENC_ACTIVE,1,ok,0.062
tier1_heldout,325,T19,optimistic,P_today,BARE,0,ok,0.0165
tier1_heldout,326,T19,optimistic,P_today,BARE,1,ok,0.0318
tier1_heldout,327,T19,optimistic,P_today,ENC_PASSIVE,0,ok,0.0037
tier1_heldout,328,T19,optimistic,P_today,ENC_PASSIVE,1,ok,0.0043
tier1_heldout,329,T19,optimistic,P_today,ENC_ACTIVE,0,ok,0.0005
tier1_heldout,330,T19,optimistic,P_today,ENC_ACTIVE,1,ok,0.0015
tier1_heldout,331,T19,optimistic,P_archive,BARE,0,ok,0.011
tier1_heldout,332,T19,optimistic,P_archive,BARE,1,ok,0.0465
tier1_heldout,333,T19,optimistic,P_archive,ENC_PASSIVE,0,ok,0.006
tier1_heldout,334,T19,optimistic,P_archive,ENC_PASSIVE,1,ok,0.0105
tier1_heldout,335,T19,optimistic,P_archive,ENC_ACTIVE,0,ok,0.0045
tier1_heldout,336,T19,optimistic,P_archive,ENC_ACTIVE,1,ok,0.0037
tier1_heldout,337,T19,optimistic,P_weak,BARE,0,ok,0.0092
tier1_heldout,338,T19,optimistic,P_weak,BARE,1,ok,0.0345
tier1_heldout,339,T19,optimistic,P_weak,ENC_PASSIVE,0,ok,0.009
tier1_heldout,340,T19,optimistic,P_weak,ENC_PASSIVE,1,ok,0.0143
tier1_heldout,341,T19,optimistic,P_weak,ENC_ACTIVE,0,ok,0.0035
tier1_heldout,342,T19,optimistic,P_weak,ENC_ACTIVE,1,ok,0.0063
tier1_heldout,343,T19,nominal,P_today,BARE,0,ok,0.015
tier1_heldout,344,T19,nominal,P_today,BARE,1,ok,0.0485
tier1_heldout,345,T19,nominal,P_today,ENC_PASSIVE,0,ok,0.0037
tier1_heldout,346,T19,nominal,P_today,ENC_PASSIVE,1,ok,0.005
tier1_heldout,347,T19,nominal,P_today,ENC_ACTIVE,0,ok,0.0015
tier1_heldout,348,T19,nominal,P_today,ENC_ACTIVE,1,ok,0.0025
tier1_heldout,349,T19,nominal,P_archive,BARE,0,ok,0.0107
tier1_heldout,350,T19,nominal,P_archive,BARE,1,ok,0.0727
tier1_heldout,351,T19,nominal,P_archive,ENC_PASSIVE,0,ok,0.0105
tier1_heldout,352,T19,nominal,P_archive,ENC_PASSIVE,1,ok,0.0143
tier1_heldout,353,T19,nominal,P_archive,ENC_ACTIVE,0,ok,0.0075
tier1_heldout,354,T19,nominal,P_archive,ENC_ACTIVE,1,ok,0.0097
tier1_heldout,355,T19,nominal,P_weak,BARE,0,ok,0.0077
tier1_heldout,356,T19,nominal,P_weak,BARE,1,ok,0.0595
tier1_heldout,357,T19,nominal,P_weak,ENC_PASSIVE,0,ok,0.0105
tier1_heldout,358,T19,nominal,P_weak,ENC_PASSIVE,1,ok,0.0192
tier1_heldout,359,T19,nominal,P_weak,ENC_ACTIVE,0,ok,0.0077
tier1_heldout,360,T19,nominal,P_weak,ENC_ACTIVE,1,ok,0.0107
tier1_heldout,361,T19,pessimistic,P_today,BARE,0,ok,0.012
tier1_heldout,362,T19,pessimistic,P_today,BARE,1,ok,0.0853
tier1_heldout,363,T19,pessimistic,P_today,ENC_PASSIVE,0,ok,0.0075
tier1_heldout,364,T19,pessimistic,P_today,ENC_PASSIVE,1,ok,0.011
tier1_heldout,365,T19,pessimistic,P_today,ENC_ACTIVE,0,ok,0.0047
tier1_heldout,366,T19,pessimistic,P_today,ENC_ACTIVE,1,ok,0.006
tier1_heldout,367,T19,pessimistic,P_archive,BARE,0,ok,0.0107
tier1_heldout,368,T19,pessimistic,P_archive,BARE,1,ok,0.1405
tier1_heldout,369,T19,pessimistic,P_archive,ENC_PASSIVE,0,ok,0.027
tier1_heldout,370,T19,pessimistic,P_archive,ENC_PASSIVE,1,ok,0.0325
tier1_heldout,371,T19,pessimistic,P_archive,ENC_ACTIVE,0,ok,0.0173
tier1_heldout,372,T19,pessimistic,P_archive,ENC_ACTIVE,1,ok,0.0225
tier1_heldout,373,T19,pessimistic,P_weak,BARE,0,ok,0.0092
tier1_heldout,374,T19,pessimistic,P_weak,BARE,1,ok,0.1168
tier1_heldout,375,T19,pessimistic,P_weak,ENC_PASSIVE,0,ok,0.0288
tier1_heldout,376,T19,pessimistic,P_weak,ENC_PASSIVE,1,ok,0.0345
tier1_heldout,377,T19,pessimistic,P_weak,ENC_ACTIVE,0,ok,0.0163
tier1_heldout,378,T19,pessimistic,P_weak,ENC_ACTIVE,1,ok,0.0262
tier1_heldout,379,T20,optimistic,P_today,BARE,0,ok,0.026
tier1_heldout,380,T20,optimistic,P_today,BARE,1,ok,0.0535
tier1_heldout,381,T20,optimistic,P_today,ENC_PASSIVE,0,ok,0.0013
tier1_heldout,382,T20,optimistic,P_today,ENC_PASSIVE,1,ok,0.0055
tier1_heldout,383,T20,optimistic,P_today,ENC_ACTIVE,0,CRASHED,
tier1_heldout,384,T20,optimistic,P_today,ENC_ACTIVE,1,CRASHED,
tier1_heldout,385,T20,optimistic,P_archive,BARE,0,ok,0.0083
tier1_heldout,386,T20,optimistic,P_archive,BARE,1,ok,0.0467
tier1_heldout,387,T20,optimistic,P_archive,ENC_PASSIVE,0,ok,0.0035
tier1_heldout,388,T20,optimistic,P_archive,ENC_PASSIVE,1,ok,0.0067
tier1_heldout,389,T20,optimistic,P_archive,ENC_ACTIVE,0,ok,0.0027
tier1_heldout,390,T20,optimistic,P_archive,ENC_ACTIVE,1,ok,0.0057
tier1_heldout,391,T20,optimistic,P_weak,BARE,0,ok,0.0067
tier1_heldout,392,T20,optimistic,P_weak,BARE,1,ok,0.0685
tier1_heldout,393,T20,optimistic,P_weak,ENC_PASSIVE,0,ok,0.005
tier1_heldout,394,T20,optimistic,P_weak,ENC_PASSIVE,1,ok,0.0075
tier1_heldout,395,T20,optimistic,P_weak,ENC_ACTIVE,0,ok,0.001
tier1_heldout,396,T20,optimistic,P_weak,ENC_ACTIVE,1,ok,0.0057
tier1_heldout,397,T20,nominal,P_today,BARE,0,ok,0.0267
tier1_heldout,398,T20,nominal,P_today,BARE,1,ok,0.0805
tier1_heldout,399,T20,nominal,P_today,ENC_PASSIVE,0,ok,0.0043
tier1_heldout,400,T20,nominal,P_today,ENC_PASSIVE,1,ok,0.0065
tier1_heldout,401,T20,nominal,P_today,ENC_ACTIVE,0,CRASHED,
tier1_heldout,402,T20,nominal,P_today,ENC_ACTIVE,1,CRASHED,
tier1_heldout,403,T20,nominal,P_archive,BARE,0,ok,0.0067
tier1_heldout,404,T20,nominal,P_archive,BARE,1,ok,0.0805
tier1_heldout,405,T20,nominal,P_archive,ENC_PASSIVE,0,ok,0.014
tier1_heldout,406,T20,nominal,P_archive,ENC_PASSIVE,1,ok,0.0145
tier1_heldout,407,T20,nominal,P_archive,ENC_ACTIVE,0,ok,0.007
tier1_heldout,408,T20,nominal,P_archive,ENC_ACTIVE,1,ok,0.0075
tier1_heldout,409,T20,nominal,P_weak,BARE,0,ok,0.0053
tier1_heldout,410,T20,nominal,P_weak,BARE,1,ok,0.1143
tier1_heldout,411,T20,nominal,P_weak,ENC_PASSIVE,0,ok,0.006
tier1_heldout,412,T20,nominal,P_weak,ENC_PASSIVE,1,ok,0.0107
tier1_heldout,413,T20,nominal,P_weak,ENC_ACTIVE,0,ok,0.005
tier1_heldout,414,T20,nominal,P_weak,ENC_ACTIVE,1,ok,0.0083
tier1_heldout,415,T20,pessimistic,P_today,BARE,0,ok,0.0257
tier1_heldout,416,T20,pessimistic,P_today,BARE,1,ok,0.1427
tier1_heldout,417,T20,pessimistic,P_today,ENC_PASSIVE,0,ok,0.0088
tier1_heldout,418,T20,pessimistic,P_today,ENC_PASSIVE,1,ok,0.01
tier1_heldout,419,T20,pessimistic,P_today,ENC_ACTIVE,0,CRASHED,
tier1_heldout,420,T20,pessimistic,P_today,ENC_ACTIVE,1,CRASHED,
tier1_heldout,421,T20,pessimistic,P_archive,BARE,0,ok,0.0105
tier1_heldout,422,T20,pessimistic,P_archive,BARE,1,ok,0.146
tier1_heldout,423,T20,pessimistic,P_archive,ENC_PASSIVE,0,ok,0.023
tier1_heldout,424,T20,pessimistic,P_archive,ENC_PASSIVE,1,ok,0.029
tier1_heldout,425,T20,pessimistic,P_archive,ENC_ACTIVE,0,ok,0.0198
tier1_heldout,426,T20,pessimistic,P_archive,ENC_ACTIVE,1,ok,0.02
tier1_heldout,427,T20,pessimistic,P_weak,BARE,0,ok,0.008
tier1_heldout,428,T20,pessimistic,P_weak,BARE,1,ok,0.2355
tier1_heldout,429,T20,pessimistic,P_weak,ENC_PASSIVE,0,ok,0.0215
tier1_heldout,430,T20,pessimistic,P_weak,ENC_PASSIVE,1,ok,0.0253
tier1_heldout,431,T20,pessimistic,P_weak,ENC_ACTIVE,0,ok,0.0165
tier1_heldout,432,T20,pessimistic,P_weak,ENC_ACTIVE,1,ok,0.0158
tier1_A1,1,T13,optimistic,P_today,BARE,0,ok,0.024
tier1_A1,2,T13,optimistic,P_today,BARE,1,ok,0.0465
tier1_A1,3,T13,optimistic,P_today,ENC_PASSIVE,0,ok,0.004
tier1_A1,4,T13,optimistic,P_today,ENC_PASSIVE,1,ok,0.003
tier1_A1,5,T13,optimistic,P_today,ENC_ACTIVE,0,ok,0.001
tier1_A1,6,T13,optimistic,P_today,ENC_ACTIVE,1,ok,0.0037
tier1_A1,7,T13,optimistic,P_archive,BARE,0,ok,0.008
tier1_A1,8,T13,optimistic,P_archive,BARE,1,ok,0.0467
tier1_A1,9,T13,optimistic,P_archive,ENC_PASSIVE,0,ok,0.0057
tier1_A1,10,T13,optimistic,P_archive,ENC_PASSIVE,1,ok,0.0112
tier1_A1,11,T13,optimistic,P_archive,ENC_ACTIVE,0,ok,0.003
tier1_A1,12,T13,optimistic,P_archive,ENC_ACTIVE,1,ok,0.0053
tier1_A1,13,T13,optimistic,P_weak,BARE,0,ok,0.0088
tier1_A1,14,T13,optimistic,P_weak,BARE,1,ok,0.1285
tier1_A1,15,T13,optimistic,P_weak,ENC_PASSIVE,0,CRASHED,
tier1_A1,16,T13,optimistic,P_weak,ENC_PASSIVE,1,CRASHED,
tier1_A1,17,T13,optimistic,P_weak,ENC_ACTIVE,0,CRASHED,
tier1_A1,18,T13,optimistic,P_weak,ENC_ACTIVE,1,CRASHED,
tier1_A1,19,T13,nominal,P_today,BARE,0,ok,0.0275
tier1_A1,20,T13,nominal,P_today,BARE,1,ok,0.0838
tier1_A1,21,T13,nominal,P_today,ENC_PASSIVE,0,ok,0.0055
tier1_A1,22,T13,nominal,P_today,ENC_PASSIVE,1,ok,0.007
tier1_A1,23,T13,nominal,P_today,ENC_ACTIVE,0,ok,0.0035
tier1_A1,24,T13,nominal,P_today,ENC_ACTIVE,1,ok,0.0053
tier1_A1,25,T13,nominal,P_archive,BARE,0,ok,0.0055
tier1_A1,26,T13,nominal,P_archive,BARE,1,ok,0.0777
tier1_A1,27,T13,nominal,P_archive,ENC_PASSIVE,0,ok,0.015
tier1_A1,28,T13,nominal,P_archive,ENC_PASSIVE,1,ok,0.0208
tier1_A1,29,T13,nominal,P_archive,ENC_ACTIVE,0,ok,0.0088
tier1_A1,30,T13,nominal,P_archive,ENC_ACTIVE,1,ok,0.0132
tier1_A1,31,T13,nominal,P_weak,BARE,0,ok,0.0088
tier1_A1,32,T13,nominal,P_weak,BARE,1,ok,0.238
tier1_A1,33,T13,nominal,P_weak,ENC_PASSIVE,0,CRASHED,
tier1_A1,34,T13,nominal,P_weak,ENC_PASSIVE,1,CRASHED,
tier1_A1,35,T13,nominal,P_weak,ENC_ACTIVE,0,CRASHED,
tier1_A1,36,T13,nominal,P_weak,ENC_ACTIVE,1,CRASHED,
tier1_A1,37,T13,pessimistic,P_today,BARE,0,ok,0.0222
tier1_A1,38,T13,pessimistic,P_today,BARE,1,ok,0.131
tier1_A1,39,T13,pessimistic,P_today,ENC_PASSIVE,0,ok,0.0118
tier1_A1,40,T13,pessimistic,P_today,ENC_PASSIVE,1,ok,0.0135
tier1_A1,41,T13,pessimistic,P_today,ENC_ACTIVE,0,ok,0.0043
tier1_A1,42,T13,pessimistic,P_today,ENC_ACTIVE,1,ok,0.008
tier1_A1,43,T13,pessimistic,P_archive,BARE,0,ok,0.0073
tier1_A1,44,T13,pessimistic,P_archive,BARE,1,ok,0.1472
tier1_A1,45,T13,pessimistic,P_archive,ENC_PASSIVE,0,ok,0.031
tier1_A1,46,T13,pessimistic,P_archive,ENC_PASSIVE,1,ok,0.0413
tier1_A1,47,T13,pessimistic,P_archive,ENC_ACTIVE,0,ok,0.023
tier1_A1,48,T13,pessimistic,P_archive,ENC_ACTIVE,1,ok,0.0295
tier1_A1,49,T13,pessimistic,P_weak,BARE,0,ok,0.0035
tier1_A1,50,T13,pessimistic,P_weak,BARE,1,ok,0.4298
tier1_A1,51,T13,pessimistic,P_weak,ENC_PASSIVE,0,CRASHED,
tier1_A1,52,T13,pessimistic,P_weak,ENC_PASSIVE,1,CRASHED,
tier1_A1,53,T13,pessimistic,P_weak,ENC_ACTIVE,0,CRASHED,
tier1_A1,54,T13,pessimistic,P_weak,ENC_ACTIVE,1,CRASHED,
tier1_A1,55,T14,optimistic,P_today,BARE,0,ok,0.0147
tier1_A1,56,T14,optimistic,P_today,BARE,1,ok,0.0498
tier1_A1,57,T14,optimistic,P_today,ENC_PASSIVE,0,ok,0.0032
tier1_A1,58,T14,optimistic,P_today,ENC_PASSIVE,1,ok,0.0055
tier1_A1,59,T14,optimistic,P_today,ENC_ACTIVE,0,ok,0.0008
tier1_A1,60,T14,optimistic,P_today,ENC_ACTIVE,1,ok,0.004
tier1_A1,61,T14,optimistic,P_archive,BARE,0,ok,0.0057
tier1_A1,62,T14,optimistic,P_archive,BARE,1,ok,0.0372
tier1_A1,63,T14,optimistic,P_archive,ENC_PASSIVE,0,ok,0.0035
tier1_A1,64,T14,optimistic,P_archive,ENC_PASSIVE,1,CRASHED,
tier1_A1,65,T14,optimistic,P_archive,ENC_ACTIVE,0,ok,0.0013
tier1_A1,66,T14,optimistic,P_archive,ENC_ACTIVE,1,CRASHED,
tier1_A1,67,T14,optimistic,P_weak,BARE,0,ok,0.0047
tier1_A1,68,T14,optimistic,P_weak,BARE,1,ok,0.0408
tier1_A1,69,T14,optimistic,P_weak,ENC_PASSIVE,0,ok,0.005
tier1_A1,70,T14,optimistic,P_weak,ENC_PASSIVE,1,ok,0.0105
tier1_A1,71,T14,optimistic,P_weak,ENC_ACTIVE,0,ok,0.0027
tier1_A1,72,T14,optimistic,P_weak,ENC_ACTIVE,1,ok,0.0032
tier1_A1,73,T14,nominal,P_today,BARE,0,ok,0.0158
tier1_A1,74,T14,nominal,P_today,BARE,1,ok,0.0897
tier1_A1,75,T14,nominal,P_today,ENC_PASSIVE,0,ok,0.0043
tier1_A1,76,T14,nominal,P_today,ENC_PASSIVE,1,ok,0.0065
tier1_A1,77,T14,nominal,P_today,ENC_ACTIVE,0,ok,0.0022
tier1_A1,78,T14,nominal,P_today,ENC_ACTIVE,1,ok,0.0043
tier1_A1,79,T14,nominal,P_archive,BARE,0,ok,0.0073
tier1_A1,80,T14,nominal,P_archive,BARE,1,ok,0.0625
tier1_A1,81,T14,nominal,P_archive,ENC_PASSIVE,0,ok,0.0057
tier1_A1,82,T14,nominal,P_archive,ENC_PASSIVE,1,CRASHED,
tier1_A1,83,T14,nominal,P_archive,ENC_ACTIVE,0,ok,0.0037
tier1_A1,84,T14,nominal,P_archive,ENC_ACTIVE,1,ok,0.0088
tier1_A1,85,T14,nominal,P_weak,BARE,0,ok,0.005
tier1_A1,86,T14,nominal,P_weak,BARE,1,ok,0.0835
tier1_A1,87,T14,nominal,P_weak,ENC_PASSIVE,0,ok,0.0095
tier1_A1,88,T14,nominal,P_weak,ENC_PASSIVE,1,ok,0.0112
tier1_A1,89,T14,nominal,P_weak,ENC_ACTIVE,0,ok,0.0085
tier1_A1,90,T14,nominal,P_weak,ENC_ACTIVE,1,ok,0.0075
tier1_A1,91,T14,pessimistic,P_today,BARE,0,ok,0.016
tier1_A1,92,T14,pessimistic,P_today,BARE,1,ok,0.1525
tier1_A1,93,T14,pessimistic,P_today,ENC_PASSIVE,0,ok,0.0097
tier1_A1,94,T14,pessimistic,P_today,ENC_PASSIVE,1,ok,0.0165
tier1_A1,95,T14,pessimistic,P_today,ENC_ACTIVE,0,ok,0.0047
tier1_A1,96,T14,pessimistic,P_today,ENC_ACTIVE,1,ok,0.0085
tier1_A1,97,T14,pessimistic,P_archive,BARE,0,ok,0.0097
tier1_A1,98,T14,pessimistic,P_archive,BARE,1,ok,0.1263
tier1_A1,99,T14,pessimistic,P_archive,ENC_PASSIVE,0,ok,0.018
tier1_A1,100,T14,pessimistic,P_archive,ENC_PASSIVE,1,CRASHED,
tier1_A1,101,T14,pessimistic,P_archive,ENC_ACTIVE,0,ok,0.0125
tier1_A1,102,T14,pessimistic,P_archive,ENC_ACTIVE,1,CRASHED,
tier1_A1,103,T14,pessimistic,P_weak,BARE,0,ok,0.0075
tier1_A1,104,T14,pessimistic,P_weak,BARE,1,ok,0.1485
tier1_A1,105,T14,pessimistic,P_weak,ENC_PASSIVE,0,ok,0.031
tier1_A1,106,T14,pessimistic,P_weak,ENC_PASSIVE,1,ok,0.0403
tier1_A1,107,T14,pessimistic,P_weak,ENC_ACTIVE,0,ok,0.0262
tier1_A1,108,T14,pessimistic,P_weak,ENC_ACTIVE,1,ok,0.0267
tier1_A1,109,T15,optimistic,P_today,BARE,0,ok,0.0088
tier1_A1,110,T15,optimistic,P_today,BARE,1,ok,0.0305
tier1_A1,111,T15,optimistic,P_today,ENC_PASSIVE,0,ok,0.0107
tier1_A1,112,T15,optimistic,P_today,ENC_PASSIVE,1,ok,0.0135
tier1_A1,113,T15,optimistic,P_today,ENC_ACTIVE,0,ok,0.004
tier1_A1,114,T15,optimistic,P_today,ENC_ACTIVE,1,ok,0.0057
tier1_A1,115,T15,optimistic,P_archive,BARE,0,ok,0.0067
tier1_A1,116,T15,optimistic,P_archive,BARE,1,ok,0.0418
tier1_A1,117,T15,optimistic,P_archive,ENC_PASSIVE,0,ok,0.0085
tier1_A1,118,T15,optimistic,P_archive,ENC_PASSIVE,1,ok,0.0147
tier1_A1,119,T15,optimistic,P_archive,ENC_ACTIVE,0,ok,0.005
tier1_A1,120,T15,optimistic,P_archive,ENC_ACTIVE,1,ok,0.0118
tier1_A1,121,T15,optimistic,P_weak,BARE,0,ok,0.0025
tier1_A1,122,T15,optimistic,P_weak,BARE,1,ok,0.0398
tier1_A1,123,T15,optimistic,P_weak,ENC_PASSIVE,0,ok,0.0025
tier1_A1,124,T15,optimistic,P_weak,ENC_PASSIVE,1,ok,0.0065
tier1_A1,125,T15,optimistic,P_weak,ENC_ACTIVE,0,ok,0.0022
tier1_A1,126,T15,optimistic,P_weak,ENC_ACTIVE,1,ok,0.0043
tier1_A1,127,T15,nominal,P_today,BARE,0,ok,0.0095
tier1_A1,128,T15,nominal,P_today,BARE,1,ok,0.058
tier1_A1,129,T15,nominal,P_today,ENC_PASSIVE,0,ok,0.0152
tier1_A1,130,T15,nominal,P_today,ENC_PASSIVE,1,ok,0.018
tier1_A1,131,T15,nominal,P_today,ENC_ACTIVE,0,ok,0.0088
tier1_A1,132,T15,nominal,P_today,ENC_ACTIVE,1,ok,0.0075
tier1_A1,133,T15,nominal,P_archive,BARE,0,ok,0.0095
tier1_A1,134,T15,nominal,P_archive,BARE,1,ok,0.0717
tier1_A1,135,T15,nominal,P_archive,ENC_PASSIVE,0,ok,0.0222
tier1_A1,136,T15,nominal,P_archive,ENC_PASSIVE,1,ok,0.0235
tier1_A1,137,T15,nominal,P_archive,ENC_ACTIVE,0,ok,0.017
tier1_A1,138,T15,nominal,P_archive,ENC_ACTIVE,1,ok,0.016
tier1_A1,139,T15,nominal,P_weak,BARE,0,ok,0.0045
tier1_A1,140,T15,nominal,P_weak,BARE,1,ok,0.071
tier1_A1,141,T15,nominal,P_weak,ENC_PASSIVE,0,ok,0.0047
tier1_A1,142,T15,nominal,P_weak,ENC_PASSIVE,1,ok,0.0067
tier1_A1,143,T15,nominal,P_weak,ENC_ACTIVE,0,ok,0.0025
tier1_A1,144,T15,nominal,P_weak,ENC_ACTIVE,1,ok,0.009
tier1_A1,145,T15,pessimistic,P_today,BARE,0,ok,0.0067
tier1_A1,146,T15,pessimistic,P_today,BARE,1,ok,0.1133
tier1_A1,147,T15,pessimistic,P_today,ENC_PASSIVE,0,ok,0.0253
tier1_A1,148,T15,pessimistic,P_today,ENC_PASSIVE,1,ok,0.0275
tier1_A1,149,T15,pessimistic,P_today,ENC_ACTIVE,0,ok,0.0177
tier1_A1,150,T15,pessimistic,P_today,ENC_ACTIVE,1,ok,0.0145
tier1_A1,151,T15,pessimistic,P_archive,BARE,0,ok,0.0063
tier1_A1,152,T15,pessimistic,P_archive,BARE,1,ok,0.128
tier1_A1,153,T15,pessimistic,P_archive,ENC_PASSIVE,0,ok,0.0612
tier1_A1,154,T15,pessimistic,P_archive,ENC_PASSIVE,1,ok,0.0573
tier1_A1,155,T15,pessimistic,P_archive,ENC_ACTIVE,0,ok,0.0452
tier1_A1,156,T15,pessimistic,P_archive,ENC_ACTIVE,1,ok,0.044
tier1_A1,157,T15,pessimistic,P_weak,BARE,0,ok,0.0032
tier1_A1,158,T15,pessimistic,P_weak,BARE,1,ok,0.1472
tier1_A1,159,T15,pessimistic,P_weak,ENC_PASSIVE,0,ok,0.0135
tier1_A1,160,T15,pessimistic,P_weak,ENC_PASSIVE,1,ok,0.0238
tier1_A1,161,T15,pessimistic,P_weak,ENC_ACTIVE,0,ok,0.0095
tier1_A1,162,T15,pessimistic,P_weak,ENC_ACTIVE,1,ok,0.0168
tier1_A1,163,T16,optimistic,P_today,BARE,0,ok,0.015
tier1_A1,164,T16,optimistic,P_today,BARE,1,ok,0.0395
tier1_A1,165,T16,optimistic,P_today,ENC_PASSIVE,0,CRASHED,
tier1_A1,166,T16,optimistic,P_today,ENC_PASSIVE,1,CRASHED,
tier1_A1,167,T16,optimistic,P_today,ENC_ACTIVE,0,CRASHED,
tier1_A1,168,T16,optimistic,P_today,ENC_ACTIVE,1,ok,0.0013
tier1_A1,169,T16,optimistic,P_archive,BARE,0,ok,0.0073
tier1_A1,170,T16,optimistic,P_archive,BARE,1,ok,0.0442
tier1_A1,171,T16,optimistic,P_archive,ENC_PASSIVE,0,ok,0.0065
tier1_A1,172,T16,optimistic,P_archive,ENC_PASSIVE,1,CRASHED,
tier1_A1,173,T16,optimistic,P_archive,ENC_ACTIVE,0,CRASHED,
tier1_A1,174,T16,optimistic,P_archive,ENC_ACTIVE,1,CRASHED,
tier1_A1,175,T16,optimistic,P_weak,BARE,0,ok,0.005
tier1_A1,176,T16,optimistic,P_weak,BARE,1,ok,0.0338
tier1_A1,177,T16,optimistic,P_weak,ENC_PASSIVE,0,ok,0.0032
tier1_A1,178,T16,optimistic,P_weak,ENC_PASSIVE,1,ok,0.0067
tier1_A1,179,T16,optimistic,P_weak,ENC_ACTIVE,0,ok,0.0005
tier1_A1,180,T16,optimistic,P_weak,ENC_ACTIVE,1,ok,0.0047
tier1_A1,181,T16,nominal,P_today,BARE,0,ok,0.0173
tier1_A1,182,T16,nominal,P_today,BARE,1,ok,0.0695
tier1_A1,183,T16,nominal,P_today,ENC_PASSIVE,0,CRASHED,
tier1_A1,184,T16,nominal,P_today,ENC_PASSIVE,1,CRASHED,
tier1_A1,185,T16,nominal,P_today,ENC_ACTIVE,0,CRASHED,
tier1_A1,186,T16,nominal,P_today,ENC_ACTIVE,1,ok,0.002
tier1_A1,187,T16,nominal,P_archive,BARE,0,ok,0.0043
tier1_A1,188,T16,nominal,P_archive,BARE,1,ok,0.083
tier1_A1,189,T16,nominal,P_archive,ENC_PASSIVE,0,ok,0.0115
tier1_A1,190,T16,nominal,P_archive,ENC_PASSIVE,1,ok,0.0145
tier1_A1,191,T16,nominal,P_archive,ENC_ACTIVE,0,ok,0.0063
tier1_A1,192,T16,nominal,P_archive,ENC_ACTIVE,1,CRASHED,
tier1_A1,193,T16,nominal,P_weak,BARE,0,ok,0.0075
tier1_A1,194,T16,nominal,P_weak,BARE,1,ok,0.0673
tier1_A1,195,T16,nominal,P_weak,ENC_PASSIVE,0,ok,0.0065
tier1_A1,196,T16,nominal,P_weak,ENC_PASSIVE,1,ok,0.0118
tier1_A1,197,T16,nominal,P_weak,ENC_ACTIVE,0,ok,0.0032
tier1_A1,198,T16,nominal,P_weak,ENC_ACTIVE,1,ok,0.006
tier1_A1,199,T16,pessimistic,P_today,BARE,0,ok,0.0192
tier1_A1,200,T16,pessimistic,P_today,BARE,1,ok,0.113
tier1_A1,201,T16,pessimistic,P_today,ENC_PASSIVE,0,CRASHED,
tier1_A1,202,T16,pessimistic,P_today,ENC_PASSIVE,1,CRASHED,
tier1_A1,203,T16,pessimistic,P_today,ENC_ACTIVE,0,CRASHED,
tier1_A1,204,T16,pessimistic,P_today,ENC_ACTIVE,1,ok,0.0057
tier1_A1,205,T16,pessimistic,P_archive,BARE,0,ok,0.006
tier1_A1,206,T16,pessimistic,P_archive,BARE,1,ok,0.1583
tier1_A1,207,T16,pessimistic,P_archive,ENC_PASSIVE,0,ok,0.0283
tier1_A1,208,T16,pessimistic,P_archive,ENC_PASSIVE,1,ok,0.0297
tier1_A1,209,T16,pessimistic,P_archive,ENC_ACTIVE,0,CRASHED,
tier1_A1,210,T16,pessimistic,P_archive,ENC_ACTIVE,1,CRASHED,
tier1_A1,211,T16,pessimistic,P_weak,BARE,0,ok,0.0037
tier1_A1,212,T16,pessimistic,P_weak,BARE,1,ok,0.1462
tier1_A1,213,T16,pessimistic,P_weak,ENC_PASSIVE,0,ok,0.0138
tier1_A1,214,T16,pessimistic,P_weak,ENC_PASSIVE,1,ok,0.0235
tier1_A1,215,T16,pessimistic,P_weak,ENC_ACTIVE,0,ok,0.0132
tier1_A1,216,T16,pessimistic,P_weak,ENC_ACTIVE,1,ok,0.0182
tier1_A1,217,T17,optimistic,P_today,BARE,0,ok,0.023
tier1_A1,218,T17,optimistic,P_today,BARE,1,ok,0.041
tier1_A1,219,T17,optimistic,P_today,ENC_PASSIVE,0,ok,0.0015
tier1_A1,220,T17,optimistic,P_today,ENC_PASSIVE,1,ok,0.002
tier1_A1,221,T17,optimistic,P_today,ENC_ACTIVE,0,ok,0.001
tier1_A1,222,T17,optimistic,P_today,ENC_ACTIVE,1,ok,0.003
tier1_A1,223,T17,optimistic,P_archive,BARE,0,ok,0.0112
tier1_A1,224,T17,optimistic,P_archive,BARE,1,ok,0.0535
tier1_A1,225,T17,optimistic,P_archive,ENC_PASSIVE,0,ok,0.007
tier1_A1,226,T17,optimistic,P_archive,ENC_PASSIVE,1,ok,0.0085
tier1_A1,227,T17,optimistic,P_archive,ENC_ACTIVE,0,ok,0.0022
tier1_A1,228,T17,optimistic,P_archive,ENC_ACTIVE,1,ok,0.0055
tier1_A1,229,T17,optimistic,P_weak,BARE,0,ok,0.0053
tier1_A1,230,T17,optimistic,P_weak,BARE,1,ok,0.032
tier1_A1,231,T17,optimistic,P_weak,ENC_PASSIVE,0,ok,0.0032
tier1_A1,232,T17,optimistic,P_weak,ENC_PASSIVE,1,ok,0.0095
tier1_A1,233,T17,optimistic,P_weak,ENC_ACTIVE,0,ok,0.001
tier1_A1,234,T17,optimistic,P_weak,ENC_ACTIVE,1,ok,0.0035
tier1_A1,235,T17,nominal,P_today,BARE,0,ok,0.022
tier1_A1,236,T17,nominal,P_today,BARE,1,ok,0.0607
tier1_A1,237,T17,nominal,P_today,ENC_PASSIVE,0,ok,0.0018
tier1_A1,238,T17,nominal,P_today,ENC_PASSIVE,1,ok,0.004
tier1_A1,239,T17,nominal,P_today,ENC_ACTIVE,0,ok,0.0015
tier1_A1,240,T17,nominal,P_today,ENC_ACTIVE,1,ok,0.004
tier1_A1,241,T17,nominal,P_archive,BARE,0,ok,0.0112
tier1_A1,242,T17,nominal,P_archive,BARE,1,ok,0.1
tier1_A1,243,T17,nominal,P_archive,ENC_PASSIVE,0,ok,0.012
tier1_A1,244,T17,nominal,P_archive,ENC_PASSIVE,1,ok,0.0158
tier1_A1,245,T17,nominal,P_archive,ENC_ACTIVE,0,ok,0.0065
tier1_A1,246,T17,nominal,P_archive,ENC_ACTIVE,1,ok,0.0075
tier1_A1,247,T17,nominal,P_weak,BARE,0,ok,0.0057
tier1_A1,248,T17,nominal,P_weak,BARE,1,ok,0.0568
tier1_A1,249,T17,nominal,P_weak,ENC_PASSIVE,0,ok,0.0107
tier1_A1,250,T17,nominal,P_weak,ENC_PASSIVE,1,ok,0.012
tier1_A1,251,T17,nominal,P_weak,ENC_ACTIVE,0,ok,0.006
tier1_A1,252,T17,nominal,P_weak,ENC_ACTIVE,1,ok,0.0073
tier1_A1,253,T17,pessimistic,P_today,BARE,0,ok,0.0238
tier1_A1,254,T17,pessimistic,P_today,BARE,1,ok,0.0973
tier1_A1,255,T17,pessimistic,P_today,ENC_PASSIVE,0,ok,0.009
tier1_A1,256,T17,pessimistic,P_today,ENC_PASSIVE,1,ok,0.009
tier1_A1,257,T17,pessimistic,P_today,ENC_ACTIVE,0,ok,0.0047
tier1_A1,258,T17,pessimistic,P_today,ENC_ACTIVE,1,ok,0.0067
tier1_A1,259,T17,pessimistic,P_archive,BARE,0,ok,0.0107
tier1_A1,260,T17,pessimistic,P_archive,BARE,1,ok,0.1775
tier1_A1,261,T17,pessimistic,P_archive,ENC_PASSIVE,0,ok,0.0257
tier1_A1,262,T17,pessimistic,P_archive,ENC_PASSIVE,1,ok,0.0285
tier1_A1,263,T17,pessimistic,P_archive,ENC_ACTIVE,0,ok,0.0155
tier1_A1,264,T17,pessimistic,P_archive,ENC_ACTIVE,1,ok,0.0215
tier1_A1,265,T17,pessimistic,P_weak,BARE,0,ok,0.0043
tier1_A1,266,T17,pessimistic,P_weak,BARE,1,ok,0.1192
tier1_A1,267,T17,pessimistic,P_weak,ENC_PASSIVE,0,ok,0.0288
tier1_A1,268,T17,pessimistic,P_weak,ENC_PASSIVE,1,ok,0.0262
tier1_A1,269,T17,pessimistic,P_weak,ENC_ACTIVE,0,ok,0.0155
tier1_A1,270,T17,pessimistic,P_weak,ENC_ACTIVE,1,ok,0.0208
tier1_A1,271,T18,optimistic,P_today,BARE,0,ok,0.0203
tier1_A1,272,T18,optimistic,P_today,BARE,1,ok,0.0323
tier1_A1,273,T18,optimistic,P_today,ENC_PASSIVE,0,ok,0.0015
tier1_A1,274,T18,optimistic,P_today,ENC_PASSIVE,1,ok,0.005
tier1_A1,275,T18,optimistic,P_today,ENC_ACTIVE,0,ok,0.0027
tier1_A1,276,T18,optimistic,P_today,ENC_ACTIVE,1,ok,0.0035
tier1_A1,277,T18,optimistic,P_archive,BARE,0,ok,0.015
tier1_A1,278,T18,optimistic,P_archive,BARE,1,ok,0.0367
tier1_A1,279,T18,optimistic,P_archive,ENC_PASSIVE,0,ok,0.0073
tier1_A1,280,T18,optimistic,P_archive,ENC_PASSIVE,1,ok,0.0083
tier1_A1,281,T18,optimistic,P_archive,ENC_ACTIVE,0,ok,0.0035
tier1_A1,282,T18,optimistic,P_archive,ENC_ACTIVE,1,ok,0.0032
tier1_A1,283,T18,optimistic,P_weak,BARE,0,ok,0.0595
tier1_A1,284,T18,optimistic,P_weak,BARE,1,ok,0.1265
tier1_A1,285,T18,optimistic,P_weak,ENC_PASSIVE,0,ok,0.0275
tier1_A1,286,T18,optimistic,P_weak,ENC_PASSIVE,1,ok,0.03
tier1_A1,287,T18,optimistic,P_weak,ENC_ACTIVE,0,ok,0.0138
tier1_A1,288,T18,optimistic,P_weak,ENC_ACTIVE,1,ok,0.0248
tier1_A1,289,T18,nominal,P_today,BARE,0,ok,0.0217
tier1_A1,290,T18,nominal,P_today,BARE,1,ok,0.0665
tier1_A1,291,T18,nominal,P_today,ENC_PASSIVE,0,ok,0.0032
tier1_A1,292,T18,nominal,P_today,ENC_PASSIVE,1,ok,0.0075
tier1_A1,293,T18,nominal,P_today,ENC_ACTIVE,0,ok,0.0022
tier1_A1,294,T18,nominal,P_today,ENC_ACTIVE,1,ok,0.0053
tier1_A1,295,T18,nominal,P_archive,BARE,0,ok,0.015
tier1_A1,296,T18,nominal,P_archive,BARE,1,ok,0.0558
tier1_A1,297,T18,nominal,P_archive,ENC_PASSIVE,0,ok,0.0118
tier1_A1,298,T18,nominal,P_archive,ENC_PASSIVE,1,ok,0.0138
tier1_A1,299,T18,nominal,P_archive,ENC_ACTIVE,0,ok,0.0077
tier1_A1,300,T18,nominal,P_archive,ENC_ACTIVE,1,ok,0.0095
tier1_A1,301,T18,nominal,P_weak,BARE,0,ok,0.0475
tier1_A1,302,T18,nominal,P_weak,BARE,1,ok,0.1975
tier1_A1,303,T18,nominal,P_weak,ENC_PASSIVE,0,ok,0.041
tier1_A1,304,T18,nominal,P_weak,ENC_PASSIVE,1,ok,0.0483
tier1_A1,305,T18,nominal,P_weak,ENC_ACTIVE,0,ok,0.0215
tier1_A1,306,T18,nominal,P_weak,ENC_ACTIVE,1,ok,0.033
tier1_A1,307,T18,pessimistic,P_today,BARE,0,ok,0.0168
tier1_A1,308,T18,pessimistic,P_today,BARE,1,ok,0.1103
tier1_A1,309,T18,pessimistic,P_today,ENC_PASSIVE,0,ok,0.0123
tier1_A1,310,T18,pessimistic,P_today,ENC_PASSIVE,1,ok,0.0135
tier1_A1,311,T18,pessimistic,P_today,ENC_ACTIVE,0,ok,0.0057
tier1_A1,312,T18,pessimistic,P_today,ENC_ACTIVE,1,ok,0.0088
tier1_A1,313,T18,pessimistic,P_archive,BARE,0,ok,0.0135
tier1_A1,314,T18,pessimistic,P_archive,BARE,1,ok,0.1062
tier1_A1,315,T18,pessimistic,P_archive,ENC_PASSIVE,0,ok,0.0275
tier1_A1,316,T18,pessimistic,P_archive,ENC_PASSIVE,1,ok,0.0328
tier1_A1,317,T18,pessimistic,P_archive,ENC_ACTIVE,0,ok,0.0192
tier1_A1,318,T18,pessimistic,P_archive,ENC_ACTIVE,1,ok,0.02
tier1_A1,319,T18,pessimistic,P_weak,BARE,0,ok,0.0542
tier1_A1,320,T18,pessimistic,P_weak,BARE,1,ok,0.3177
tier1_A1,321,T18,pessimistic,P_weak,ENC_PASSIVE,0,ok,0.0478
tier1_A1,322,T18,pessimistic,P_weak,ENC_PASSIVE,1,ok,0.0705
tier1_A1,323,T18,pessimistic,P_weak,ENC_ACTIVE,0,ok,0.0578
tier1_A1,324,T18,pessimistic,P_weak,ENC_ACTIVE,1,ok,0.0615
tier1_A1,325,T19,optimistic,P_today,BARE,0,ok,0.0155
tier1_A1,326,T19,optimistic,P_today,BARE,1,ok,0.0297
tier1_A1,327,T19,optimistic,P_today,ENC_PASSIVE,0,ok,0.0015
tier1_A1,328,T19,optimistic,P_today,ENC_PASSIVE,1,ok,0.0025
tier1_A1,329,T19,optimistic,P_today,ENC_ACTIVE,0,ok,0.0013
tier1_A1,330,T19,optimistic,P_today,ENC_ACTIVE,1,ok,0.0013
tier1_A1,331,T19,optimistic,P_archive,BARE,0,ok,0.0077
tier1_A1,332,T19,optimistic,P_archive,BARE,1,ok,0.0423
tier1_A1,333,T19,optimistic,P_archive,ENC_PASSIVE,0,ok,0.0045
tier1_A1,334,T19,optimistic,P_archive,ENC_PASSIVE,1,ok,0.0123
tier1_A1,335,T19,optimistic,P_archive,ENC_ACTIVE,0,ok,0.0018
tier1_A1,336,T19,optimistic,P_archive,ENC_ACTIVE,1,ok,0.0055
tier1_A1,337,T19,optimistic,P_weak,BARE,0,ok,0.0077
tier1_A1,338,T19,optimistic,P_weak,BARE,1,ok,0.0357
tier1_A1,339,T19,optimistic,P_weak,ENC_PASSIVE,0,ok,0.0057
tier1_A1,340,T19,optimistic,P_weak,ENC_PASSIVE,1,ok,0.013
tier1_A1,341,T19,optimistic,P_weak,ENC_ACTIVE,0,ok,0.0032
tier1_A1,342,T19,optimistic,P_weak,ENC_ACTIVE,1,ok,0.0073
tier1_A1,343,T19,nominal,P_today,BARE,0,ok,0.014
tier1_A1,344,T19,nominal,P_today,BARE,1,ok,0.054
tier1_A1,345,T19,nominal,P_today,ENC_PASSIVE,0,ok,0.0045
tier1_A1,346,T19,nominal,P_today,ENC_PASSIVE,1,ok,0.0035
tier1_A1,347,T19,nominal,P_today,ENC_ACTIVE,0,ok,0.002
tier1_A1,348,T19,nominal,P_today,ENC_ACTIVE,1,ok,0.004
tier1_A1,349,T19,nominal,P_archive,BARE,0,ok,0.0097
tier1_A1,350,T19,nominal,P_archive,BARE,1,ok,0.0823
tier1_A1,351,T19,nominal,P_archive,ENC_PASSIVE,0,ok,0.0105
tier1_A1,352,T19,nominal,P_archive,ENC_PASSIVE,1,ok,0.0195
tier1_A1,353,T19,nominal,P_archive,ENC_ACTIVE,0,ok,0.0075
tier1_A1,354,T19,nominal,P_archive,ENC_ACTIVE,1,ok,0.0123
tier1_A1,355,T19,nominal,P_weak,BARE,0,ok,0.0077
tier1_A1,356,T19,nominal,P_weak,BARE,1,ok,0.06
tier1_A1,357,T19,nominal,P_weak,ENC_PASSIVE,0,ok,0.011
tier1_A1,358,T19,nominal,P_weak,ENC_PASSIVE,1,ok,0.0205
tier1_A1,359,T19,nominal,P_weak,ENC_ACTIVE,0,ok,0.0057
tier1_A1,360,T19,nominal,P_weak,ENC_ACTIVE,1,ok,0.0095
tier1_A1,361,T19,pessimistic,P_today,BARE,0,ok,0.0165
tier1_A1,362,T19,pessimistic,P_today,BARE,1,ok,0.0993
tier1_A1,363,T19,pessimistic,P_today,ENC_PASSIVE,0,ok,0.0073
tier1_A1,364,T19,pessimistic,P_today,ENC_PASSIVE,1,ok,0.011
tier1_A1,365,T19,pessimistic,P_today,ENC_ACTIVE,0,ok,0.0053
tier1_A1,366,T19,pessimistic,P_today,ENC_ACTIVE,1,ok,0.0055
tier1_A1,367,T19,pessimistic,P_archive,BARE,0,ok,0.0107
tier1_A1,368,T19,pessimistic,P_archive,BARE,1,ok,0.1557
tier1_A1,369,T19,pessimistic,P_archive,ENC_PASSIVE,0,ok,0.0245
tier1_A1,370,T19,pessimistic,P_archive,ENC_PASSIVE,1,ok,0.0262
tier1_A1,371,T19,pessimistic,P_archive,ENC_ACTIVE,0,ok,0.0187
tier1_A1,372,T19,pessimistic,P_archive,ENC_ACTIVE,1,ok,0.0243
tier1_A1,373,T19,pessimistic,P_weak,BARE,0,ok,0.006
tier1_A1,374,T19,pessimistic,P_weak,BARE,1,ok,0.1202
tier1_A1,375,T19,pessimistic,P_weak,ENC_PASSIVE,0,ok,0.03
tier1_A1,376,T19,pessimistic,P_weak,ENC_PASSIVE,1,ok,0.036
tier1_A1,377,T19,pessimistic,P_weak,ENC_ACTIVE,0,ok,0.0198
tier1_A1,378,T19,pessimistic,P_weak,ENC_ACTIVE,1,ok,0.021
tier1_A1,379,T20,optimistic,P_today,BARE,0,ok,0.023
tier1_A1,380,T20,optimistic,P_today,BARE,1,ok,0.0548
tier1_A1,381,T20,optimistic,P_today,ENC_PASSIVE,0,ok,0.002
tier1_A1,382,T20,optimistic,P_today,ENC_PASSIVE,1,ok,0.0032
tier1_A1,383,T20,optimistic,P_today,ENC_ACTIVE,0,CRASHED,
tier1_A1,384,T20,optimistic,P_today,ENC_ACTIVE,1,CRASHED,
tier1_A1,385,T20,optimistic,P_archive,BARE,0,ok,0.0063
tier1_A1,386,T20,optimistic,P_archive,BARE,1,ok,0.0452
tier1_A1,387,T20,optimistic,P_archive,ENC_PASSIVE,0,ok,0.006
tier1_A1,388,T20,optimistic,P_archive,ENC_PASSIVE,1,ok,0.0077
tier1_A1,389,T20,optimistic,P_archive,ENC_ACTIVE,0,ok,0.0018
tier1_A1,390,T20,optimistic,P_archive,ENC_ACTIVE,1,ok,0.005
tier1_A1,391,T20,optimistic,P_weak,BARE,0,ok,0.0053
tier1_A1,392,T20,optimistic,P_weak,BARE,1,ok,0.0658
tier1_A1,393,T20,optimistic,P_weak,ENC_PASSIVE,0,ok,0.0035
tier1_A1,394,T20,optimistic,P_weak,ENC_PASSIVE,1,ok,0.0065
tier1_A1,395,T20,optimistic,P_weak,ENC_ACTIVE,0,ok,0.0018
tier1_A1,396,T20,optimistic,P_weak,ENC_ACTIVE,1,ok,0.0035
tier1_A1,397,T20,nominal,P_today,BARE,0,ok,0.0262
tier1_A1,398,T20,nominal,P_today,BARE,1,ok,0.0715
tier1_A1,399,T20,nominal,P_today,ENC_PASSIVE,0,ok,0.0057
tier1_A1,400,T20,nominal,P_today,ENC_PASSIVE,1,ok,0.0055
tier1_A1,401,T20,nominal,P_today,ENC_ACTIVE,0,CRASHED,
tier1_A1,402,T20,nominal,P_today,ENC_ACTIVE,1,CRASHED,
tier1_A1,403,T20,nominal,P_archive,BARE,0,ok,0.008
tier1_A1,404,T20,nominal,P_archive,BARE,1,ok,0.0803
tier1_A1,405,T20,nominal,P_archive,ENC_PASSIVE,0,ok,0.0127
tier1_A1,406,T20,nominal,P_archive,ENC_PASSIVE,1,ok,0.0147
tier1_A1,407,T20,nominal,P_archive,ENC_ACTIVE,0,ok,0.0043
tier1_A1,408,T20,nominal,P_archive,ENC_ACTIVE,1,ok,0.0055
tier1_A1,409,T20,nominal,P_weak,BARE,0,ok,0.0053
tier1_A1,410,T20,nominal,P_weak,BARE,1,ok,0.1197
tier1_A1,411,T20,nominal,P_weak,ENC_PASSIVE,0,ok,0.0047
tier1_A1,412,T20,nominal,P_weak,ENC_PASSIVE,1,ok,0.0103
tier1_A1,413,T20,nominal,P_weak,ENC_ACTIVE,0,ok,0.0057
tier1_A1,414,T20,nominal,P_weak,ENC_ACTIVE,1,ok,0.0077
tier1_A1,415,T20,pessimistic,P_today,BARE,0,ok,0.028
tier1_A1,416,T20,pessimistic,P_today,BARE,1,ok,0.1255
tier1_A1,417,T20,pessimistic,P_today,ENC_PASSIVE,0,ok,0.0067
tier1_A1,418,T20,pessimistic,P_today,ENC_PASSIVE,1,ok,0.0095
tier1_A1,419,T20,pessimistic,P_today,ENC_ACTIVE,0,ok,0.0047
tier1_A1,420,T20,pessimistic,P_today,ENC_ACTIVE,1,CRASHED,
tier1_A1,421,T20,pessimistic,P_archive,BARE,0,ok,0.01
tier1_A1,422,T20,pessimistic,P_archive,BARE,1,ok,0.1542
tier1_A1,423,T20,pessimistic,P_archive,ENC_PASSIVE,0,ok,0.025
tier1_A1,424,T20,pessimistic,P_archive,ENC_PASSIVE,1,ok,0.0272
tier1_A1,425,T20,pessimistic,P_archive,ENC_ACTIVE,0,ok,0.018
tier1_A1,426,T20,pessimistic,P_archive,ENC_ACTIVE,1,ok,0.019
tier1_A1,427,T20,pessimistic,P_weak,BARE,0,ok,0.0065
tier1_A1,428,T20,pessimistic,P_weak,BARE,1,ok,0.2162
tier1_A1,429,T20,pessimistic,P_weak,ENC_PASSIVE,0,ok,0.015
tier1_A1,430,T20,pessimistic,P_weak,ENC_PASSIVE,1,ok,0.0265
tier1_A1,431,T20,pessimistic,P_weak,ENC_ACTIVE,0,ok,0.0115
tier1_A1,432,T20,pessimistic,P_weak,ENC_ACTIVE,1,ok,0.02
